days,2025_VNINDEX,2024_VNINDEX,2023_VNINDEX,2025_DXY,2024_DXY,2023_DXY,2025_CL=F,2024_CL=F,2023_CL=F,2025_XAU_USD,2024_XAU_USD,2023_XAU_USD,2025_BTC_USD,2024_BTC_USD,2023_BTC_USD,2025_^DJI,2024_^DJI,2023_^DJI
01-Jan,0,0,0,0,0,0,0,0,0,0,0,0,0,0,0,0,0,0
02-Jan,0,0,0,0,0,0,0,0,0,0.010390319,-0.001897649,-0.000109562,0.026129247,0.017900939,0.003812952,0,0,0
03-Jan,-0.011908228,0.011001019,0,0.006173391,0.007197825,0,0.017814876,-0.016873506,0,0.005645399,-0.009164924,0.008975451,0.038726977,-0.029027181,0.00329683,0.008017013,-0.007552628,0
04-Jan,-0.018476103,0.016725629,0.002346921,0.0036093,0.010232553,0.008875151,0.030395292,0.019154876,-0.041206401,0.005648085,-0.00924252,0.01828852,0.040039792,0.002053397,0.01429098,0.007418627,-0.007281498,0.004025741
05-Jan,-0.018476103,0.020167025,0.011397402,0.0036093,0.009646983,0.003998481,0.030395292,0.010392562,-0.092986336,0.005752542,-0.007558329,0.007538502,0.040841272,0.00166339,0.012719399,0.007418627,-0.006593216,-0.006184471
06-Jan,-0.018476103,0.024938812,0.007248963,0.0036093,0.010037617,0.013415252,0.030395292,0.025724062,-0.083156968,0.004928638,-0.007874291,0.013499322,0.079117491,-0.002265177,0.019563506,0.007418627,-0.000803921,0.015088823
07-Jan,-0.017994717,0.024938812,0.009883464,-0.001715726,0.010037617,0.002563283,0.022157607,0.025724062,-0.089916465,0.007537038,-0.008637026,0.015891727,0.028613186,-0.003313108,0.019746928,0.003245984,-0.000803921,0.01172995
08-Jan,-0.014730698,0.024938812,0.009883464,0.00086879,0.010037617,0.002563283,0.036863409,0.025724062,-0.089916465,0.00620707,-0.014220841,0.016394287,0.009224749,0.065580675,0.02777204,0.005758186,-0.000803921,0.01172995
09-Jan,-0.018927273,0.023559749,0.009883464,0.005195742,0.007890006,0.002563283,0.02076039,-0.009645253,-0.089916465,0.009938513,-0.016775677,0.024802974,-0.017704854,0.047893545,0.033939571,-0.010583944,-0.004992853,0.01172995
10-Jan,-0.031200838,0.02610601,0.009067701,0.00647915,0.010433561,-0.003403445,0.033990085,0.008123671,-0.070997187,0.01457522,-0.019627984,0.034542898,0.006271327,0.058471129,0.048462148,-0.010583944,-4.47E-04,0.017292785
11-Jan,-0.02699919,0.026691381,0.011355672,0.010232662,0.008677118,-0.004081146,0.064276799,-0.003515464,-0.072065873,0.015184567,-0.015070408,0.031116184,0.004847279,0.052912395,0.076468299,-0.002031604,-4.18E-05,0.025271343
12-Jan,-0.02699919,0.020220989,0.011952403,0.010232662,0.008677118,-0.005631268,0.064276799,0.020037042,-0.033018023,0.015602476,-0.007872098,0.039447138,0.004020812,-0.022902252,0.128584095,-0.002031604,-0.003171864,0.031657502
13-Jan,-0.02699919,0.019718732,0.015530655,0.010232662,0.012978142,-0.013878877,0.064276799,0.014832209,-0.025038579,0.004340162,-0.007232426,0.045305043,0.004318054,-0.023153929,0.183698511,-0.002031604,-0.009339488,0.034952054
14-Jan,-0.032324385,0.019718732,0.021671189,0.009594211,0.012978142,-0.012802655,0.094065128,0.014832209,-0.002311322,0.00776285,-0.007404842,0.047145548,0.025663776,-0.047571648,0.237276985,0.003197124,-0.009339488,0.023531412
15-Jan,-0.026539436,0.019718732,0.021671189,0.006491205,0.012978142,-0.012802655,0.08404228,0.014832209,-0.002311322,0.021408196,-0.00512431,0.050124495,0.066793775,-0.030448129,0.232724228,0.019737527,-0.009339488,0.023531412
16-Jan,-0.02154022,0.027516881,0.021671189,0.005026373,0.012978142,-0.012802655,0.114415249,0.014832209,-0.002311322,0.028272319,-0.018162767,0.04915159,0.059355442,-0.015323528,0.246556744,0.018154477,-0.009339488,0.023531412
17-Jan,-0.016107012,0.027009654,0.041930296,0.003742799,0.019012819,-0.012802655,0.093892842,0.006158145,-0.002311322,0.028565705,-0.027521838,0.03826367,0.106521427,-0.024877311,0.246173493,0.02591056,-0.011867497,0.023531412
18-Jan,-0.01575471,0.032626738,0.051109825,-0.00497837,0.019109589,-0.011336651,0.086781762,0.016991461,0.008550136,0.027431341,-0.022469069,0.04054197,0.106004792,-0.059517037,0.223833969,0.038281388,-0.006448781,0.005428339
19-Jan,-0.01575471,0.043267715,0.060032801,-0.00497837,0.019109589,-0.012214996,0.086781762,0.034853554,-0.01405085,0.024366773,-0.019363024,0.050984671,0.074221225,-0.05088083,0.243072014,0.038281388,0.004098486,-0.002152003
20-Jan,-0.01575471,0.044418782,0.068173026,-0.00497837,0.017851924,-0.015145211,0.086781762,0.025809302,0.004397458,0.029781319,-0.019121107,0.056065973,0.083391848,-0.049747205,0.318463268,0.038281388,0.007743334,0.007862647
21-Jan,-0.018523773,0.044418782,0.068173026,-0.00497837,0.017851924,-0.016026911,0.086781762,0.025809302,0.019161757,0.038238604,-0.019416209,0.055658492,0.123871524,-0.052622498,0.322920395,0.038281388,0.007743334,0.015475129
22-Jan,-0.021380659,0.044418782,0.068173026,-0.004885811,0.017851924,-0.016026911,0.057238277,0.025809302,0.019161757,0.046766982,-0.023976324,0.05294417,0.100383225,-0.101686873,0.320408764,0.041255141,0.007743334,0.015475129
23-Jan,-0.007618436,0.039887405,0.068173026,-0.002478161,0.018917408,-0.016026911,0.05078074,0.043109351,0.019161757,0.045379608,-0.017941696,0.056522847,0.103346008,-0.093126859,0.329828294,0.050502652,0.005207682,0.015475129
24-Jan,-0.00331555,0.036040246,0.068173026,-0.003956255,0.020465581,-0.016026911,0.036322638,0.041636392,0.017083286,0.051478255,-0.023376498,0.055998115,0.111611793,-0.087316337,0.316836348,0.047342771,0.002594374,0.018579611
25-Jan,-0.012817166,0.033823671,0.068173026,-0.009692171,0.018919801,-0.015830772,0.039552757,0.051425896,0.000420696,0.051729283,-0.021473446,0.05649332,0.110611636,-0.09089109,0.338102502,0.053855613,0.009014936,0.018872458
26-Jan,-0.012817166,0.038352195,0.068173026,-0.009692171,0.02056468,-0.020046047,0.039552757,0.075994268,0.003161803,0.049323568,-0.02269368,0.048975622,0.091205102,-0.043736497,0.334422142,0.053855613,0.01059975,0.024964542
27-Jan,-0.012817166,0.03836912,0.068173026,-0.009692171,0.020081725,-0.018667829,0.039552757,0.098677352,0.012356607,0.036481207,-0.02331713,0.052334564,0.085412367,-0.036486227,0.336417176,0.053855613,0.016478073,0.025808974
28-Jan,-0.012817166,0.03836912,0.055166106,-0.007459009,0.020081725,-0.016701678,0.02090506,0.098677352,-0.002171838,0.046818597,-0.021059574,0.052650149,0.078014698,-0.03849147,0.334352995,0.056914493,0.016478073,0.018127896
29-Jan,-0.012817166,0.03836912,0.055166106,-0.005787852,0.020081725,-0.016701678,0.031841429,0.098677352,-0.002171838,0.044712418,-0.017683376,0.050881826,0.101410301,-0.008691669,0.366634427,0.053863635,0.016478073,0.018127896
30-Jan,-0.012817166,0.041737425,0.055166106,-0.006065902,0.019791798,-0.016701678,0.018994952,0.074849661,-0.002171838,0.061545285,-0.013660443,0.052267424,0.111362681,-0.016445199,0.327330756,0.057634516,0.019970046,0.018127896
31-Jan,-0.012817166,0.028733597,0.062975232,-0.00328449,0.019598408,-0.014052499,0.021734636,0.085496243,-0.028783498,0.065524388,-0.013607306,0.053778738,0.089113438,-0.025059435,0.340428073,0.050115516,0.011729079,0.029070395
01-Feb,-0.012817166,0.036214389,0.031288124,-0.000141033,0.020468684,-0.01493325,0.0345762,0.06134417,-0.014022955,0.065178779,-0.004732502,0.061655086,0.072033053,-0.013477993,0.365687556,0.047359855,0.021415479,0.029273466
02-Feb,-0.012817166,0.035813739,0.032793737,-0.000141033,0.015444974,-0.02717615,0.0345762,0.034356342,-0.042735284,0.064552102,-0.011706226,0.05147898,0.042557091,-0.010922358,0.355069579,0.047359855,0.024909316,0.028128962
03-Feb,-0.012817166,0.047335643,0.032385473,-0.000141033,0.025154655,-0.017458714,0.0345762,0.018661529,-0.05406492,0.070622568,-0.011511977,0.028520644,0.080600742,-0.015405524,0.354108905,0.047359855,0.017813083,0.024372284
04-Feb,-0.003519684,0.047335643,0.043655969,0.001517956,0.025154655,-0.005870771,0.010432675,0.018661529,-0.089496886,0.080385092,-0.011739345,0.026174529,0.046024111,-0.024911143,0.349099182,0.050379286,0.017813083,0.023340857
05-Feb,0.000378482,0.047335643,0.043655969,-0.004646915,0.025154655,-0.005870771,0.016099623,0.018661529,-0.089496886,0.090872404,-0.019263926,0.025521814,0.032951029,-0.023147883,0.332976085,0.057499357,0.017813083,0.023340857
06-Feb,0.001851371,0.049375946,0.043655969,-0.008257686,0.029482038,-0.005870771,-0.00561563,0.018799016,-0.089496886,0.08908401,-0.014272899,0.026286827,0.03268169,-0.013161545,0.324457201,0.054699198,0.021493068,0.023340857
07-Feb,0.004777072,0.057832167,0.022128118,-0.007514384,0.026705315,-0.000725651,-0.01432598,0.028969409,-0.071198426,0.088293797,-0.013600647,0.029138188,0.032016934,0.015469306,0.346609188,0.044771734,0.025542769,0.031179862
08-Feb,-0.004586119,0.061144533,0.028114012,-0.003800349,0.025553105,-0.00333338,-0.008090118,0.036860591,-0.032040612,0.087908575,-0.014858361,0.029247175,0.031533838,0.037657554,0.332643898,0.048541461,0.026808852,0.025099657
09-Feb,-0.004586119,0.061144533,0.020475709,-0.003800349,0.026610498,-0.001784008,-0.008090118,0.068448013,-0.019651928,0.089735909,-0.01893898,0.023192574,0.031891821,0.078398592,0.283803935,0.048541461,0.025398011,0.017761216
10-Feb,-0.004586119,0.061144533,0.012271071,-0.003800349,0.026034374,-0.003427614,-0.008090118,0.070803422,-0.029467054,0.107021624,-0.01911264,0.021986417,0.041573163,0.091635393,0.276110861,0.048541461,0.028648127,0.022787663
11-Feb,-0.000477748,0.061144533,0.001278844,-0.001580202,0.026034374,-0.000328644,0.012895767,0.070803422,-0.000373309,0.100235679,-0.018235326,0.01963045,0.024087766,0.102575872,0.286257715,0.051312703,0.028648127,0.033908663
12-Feb,-0.001691763,0.061144533,0.001278844,-0.004626115,0.026034374,-0.000328644,0.022690209,0.070803422,-0.000373309,0.10179674,-0.022017116,0.021321844,0.046421835,0.137037865,0.282477717,0.046265127,0.028648127,0.033908663
13-Feb,0.001023459,0.061144533,0.001278844,-0.005459408,0.026995158,-0.000328644,-0.004085735,0.076417003,-0.000373309,0.112115188,-0.035032595,0.015755775,0.032851422,0.132718631,0.283390984,0.053992921,0.01512585,0.033908663
14-Feb,0.005534012,0.061144533,-0.003569232,-0.012872264,0.033330309,-0.003804224,-0.000155376,0.086542912,-0.011381626,0.096339936,-0.034591851,0.017624451,0.041871629,0.174619548,0.302315287,0.050294727,0.01908479,0.0293341
15-Feb,0.002900959,0.061144533,0.005635051,-0.01567289,0.031613477,-0.003901125,-0.011620697,0.070992223,-0.014290755,0.096567605,-0.029129523,0.013597464,0.043421404,0.176777883,0.396237948,0.050525089,0.028163728,0.030471738
16-Feb,0.002900959,0.067132019,0.015261161,-0.01567289,0.028173762,0.002590476,-0.011620697,0.090705045,-0.017969569,0.095606348,-0.024938351,0.00908301,0.029300862,0.181045396,0.368083775,0.050525089,0.024420599,0.017836993
17-Feb,0.002900959,0.079755,0.016224999,-0.01567289,0.028365484,0.005670951,-0.011620697,0.101843219,-0.023953796,0.100965624,-0.024727711,0.011907278,0.024781868,0.17151309,0.407964739,0.050525089,0.022758915,0.021690167
18-Feb,0.00715959,0.079755,0.0420719,-0.01567289,0.028365484,0.002887906,-0.011620697,0.101843219,-0.043679695,0.111791969,-0.02498853,0.014096401,0.021791778,0.180408253,0.411045298,0.050525089,0.022758915,0.001082135
19-Feb,0.015312096,0.079755,0.0420719,-0.013706975,0.028365484,0.002887906,0.003655143,0.101843219,-0.043679695,0.112335155,-0.023957298,0.011574886,0.033858868,0.173819888,0.398317274,0.052124188,0.022758915,0.001082135
20-Feb,0.01874222,0.083910276,0.0420719,-0.012866052,0.028365484,0.002887906,0.009227747,0.101843219,-0.043679695,0.115706411,-0.019326414,0.013059917,0.051533967,0.183586957,0.418931925,0.042019645,0.022758915,0.001082135
21-Feb,0.021657981,0.083894,0.03796773,-0.0190274,0.025681447,0.002887906,0.01476947,0.078672773,-0.043679695,0.115194827,-0.01903273,0.012179802,0.02924617,0.175062593,0.403112014,0.025073386,0.024014951,0.001082135
22-Feb,0.027680775,0.081674576,0.012141471,-0.017336622,0.024431954,0.005005061,-0.023533075,0.090856763,-0.049167715,0.115019919,-0.019041717,0.00753537,0.033706782,0.16475751,0.392983262,0.025837672,0.035847238,-0.001468455
23-Feb,0.027680775,0.069200093,0.011553397,-0.017336622,0.024816838,0.008558338,-0.023533075,0.094442452,-0.07794189,0.114341438,-0.014486023,0.005458869,0.030836928,0.153588545,0.383005457,0.025837672,0.037444968,0.00182463
24-Feb,0.027680775,0.079241384,-0.001828506,-0.017336622,0.024913059,0.009132478,-0.023533075,0.069305267,-0.055214612,0.119122055,-0.014943339,-0.003157244,-0.019980759,0.17012945,0.351713444,0.025837672,0.035852881,-0.00833973
25-Feb,0.026607598,0.079241384,-0.019441782,-0.016117593,0.024913059,0.015827242,-0.007487301,0.069305267,-0.044368055,0.106658723,-0.013972127,-0.00207936,-0.049197927,0.173273396,0.350732677,0.029517947,0.035852881,-0.006140621
26-Feb,0.026454068,0.079241384,-0.019441782,-0.021737135,0.024913059,0.015827242,-0.033008982,0.069305267,-0.044368055,0.106926502,-0.016252912,-0.002961896,-0.098660827,0.227187748,0.367381292,0.025207216,0.035852881,-0.006140621
27-Feb,0.030168755,0.090097651,-0.019441782,-0.01834634,0.02318162,0.015827242,-0.037205204,0.085273869,-0.044368055,0.094233173,-0.016545939,-0.001630786,-0.095386501,0.274195375,0.365753965,0.020749303,0.033374708,-0.006140621
28-Feb,0.028302978,0.103908269,-0.0160831,-0.011587669,0.023759743,0.009842016,-0.017588835,0.096353495,-0.053004486,0.087126955,-0.014022349,0.003892935,-0.098343082,0.369130695,0.34979003,0.034658117,0.032774524,-0.013206509
29-02,0.031374935,0.102457496,-0.000595344,-0.008697249,0.024530177,0.013760622,-0.020724096,0.092785626,-0.038616995,0.086764546,-0.010699699,0.011476736,-0.078681506,0.348229797,0.371356093,0.019839267,0.033990757,-0.013049095
01-Mar,0.031374935,0.106887859,-0.000595344,-0.008697249,0.026550953,0.013760622,-0.020724096,0.093808667,-0.038616995,0.086764546,0.007860405,0.011476736,-0.078681506,0.368528536,0.371356093,0.019839267,0.036324006,-0.013049095
02-Mar,0.031374935,0.109375385,-0.003420834,-0.008697249,0.024246162,0.007572488,-0.020724096,0.117569534,-0.027036001,0.087928696,0.008244569,0.011940201,0.016823024,0.361949724,0.364121042,0.019839267,0.033828295,-0.002586412
03-Mar,0.031374935,0.109375385,-0.015795392,-0.008697249,0.024246162,0.012841222,-0.020724096,0.117569534,-0.025106473,0.098011928,0.008934883,0.021221953,-0.069997378,0.380288048,0.316718913,0.019839267,0.033828295,0.009151664
04-Mar,0.033314829,0.109375385,-0.013443612,-0.017994386,0.024246162,0.008934192,-0.042024995,0.117569534,0.000955907,0.105462989,0.024011952,0.022093323,-0.056646744,0.462023965,0.316301697,0.004321073,0.033828295,0.010363748
05-Mar,0.027826592,0.116169327,-0.013443612,NULL,0.023861131,0.008934192,NULL,0.100100086,0.000955907,0.107222112,0.030580416,0.020211931,-0.041133842,0.39573994,0.31997739,NULL,0.023450288,0.010363748
06-Mar,NULL,0.110460576,-0.013443612,NULL,0.023475951,0.008934192,NULL,0.092607117,0.000955907,NULL,0.03892561,0.018620775,NULL,0.431877278,0.319720839,NULL,0.025416311,0.010363748
07-Mar,NULL,0.114998347,-0.00306577,NULL,0.018659459,0.006733908,NULL,0.10514705,0.008213188,NULL,0.044808142,0.004006664,NULL,0.444261475,0.310358799,NULL,0.028786649,-0.006835046
08-Mar,NULL,0.098356131,0.007860855,NULL,0.013045344,0.019869048,NULL,0.109949336,-0.031289922,NULL,0.053348547,0.000979257,NULL,0.464800876,0.287780282,NULL,0.027016662,-0.008602202
09-Mar,NULL,0.088847985,0.014313415,NULL,0.013142634,0.01939592,NULL,0.088442619,-0.041895195,NULL,0.053645779,0.00884683,NULL,0.4677114,0.22538717,NULL,0.028229614,-0.025174324
10-Mar,NULL,0.088847985,0.011519768,NULL,0.013142634,0.014756595,NULL,0.088442619,-0.053006286,NULL,0.054274628,0.023606992,NULL,0.475315995,0.216754987,NULL,0.028229614,-0.035877169
11-Mar,NULL,0.088847985,0.011329881,NULL,0.013142634,0.007717711,NULL,0.088442619,-0.040448494,NULL,0.053066727,0.031056409,NULL,0.520290302,0.238806833,NULL,0.028229614,-0.038713302
12-Mar,NULL,0.096545344,0.011329881,NULL,0.013921316,0.007717711,NULL,0.092170039,-0.040448494,NULL,0.045270149,0.044086951,NULL,0.511380396,0.313036604,NULL,0.034312415,-0.038713302
13-Mar,NULL,0.117035312,0.011329881,NULL,0.014991153,0.007717711,NULL,0.091785883,-0.040448494,NULL,0.053131952,0.05144745,NULL,0.533794806,0.404788482,NULL,0.03528233,-0.038713302
14-Mar,NULL,0.112116027,-0.000704735,NULL,0.013339563,0.000820487,NULL,0.111898613,-0.065252692,NULL,0.047393929,0.049189664,NULL,0.510712903,0.427457777,NULL,0.031756499,-0.028145457
15-Mar,NULL,0.111736374,0.020504092,NULL,0.019470326,0.001495703,NULL,0.130861343,-0.107287492,NULL,0.04494217,0.05574075,NULL,0.482800923,0.412501333,NULL,0.026849999,-0.036878984
16-Mar,NULL,0.095736777,0.006580106,NULL,0.020050629,0.009978496,NULL,0.129505654,-0.153961562,NULL,0.044556142,0.054926462,NULL,0.423889771,0.440267546,NULL,0.028804296,-0.025208851
17-Mar,NULL,0.095736777,0.004422373,NULL,0.020050629,0.00797124,NULL,0.129505654,-0.15337521,NULL,0.044521149,0.088428873,NULL,0.470976999,0.534913321,NULL,0.028804296,-0.037134788
18-Mar,NULL,0.095736777,-0.016665748,NULL,0.020050629,0.002703517,NULL,0.129505654,-0.177400984,NULL,0.047101602,0.089939521,NULL,0.458664913,0.518210726,NULL,0.028804296,-0.025126758
19-Mar,NULL,0.094852142,-0.016665748,NULL,0.021403934,0.002703517,NULL,0.151966468,-0.177400984,NULL,0.045596286,0.089858498,NULL,0.375231343,0.55799422,NULL,0.037062313,-0.025126758
20-Mar,NULL,0.109033681,-0.016665748,NULL,0.023817295,0.002703517,NULL,0.156190951,-0.177400984,NULL,0.066972746,0.084706261,NULL,0.47215639,0.548313326,NULL,0.047324634,-0.025126758
21-Mar,NULL,0.122001182,-0.007546328,NULL,0.018039189,-0.002592103,NULL,0.135638077,-0.162390477,NULL,0.056861934,0.074079149,NULL,0.436489326,0.563027792,NULL,0.0541388,-0.015326056
22-Mar,NULL,0.126216099,0.000308912,NULL,0.025303815,-0.003656865,NULL,0.127661619,-0.134883815,NULL,0.049302551,0.08251746,NULL,0.410338883,0.532207784,NULL,0.046460013,-0.031618453
23-Mar,NULL,0.115340719,0.00469119,NULL,0.029535015,-0.010439782,NULL,0.127785347,-0.128119371,NULL,0.049623992,0.093032906,NULL,0.414783018,0.569799563,NULL,0.042349712,-0.029272516
24-Mar,NULL,0.115340719,0.006308321,NULL,0.029535015,-0.009464187,NULL,0.127785347,-0.134409504,NULL,0.050898188,0.089667694,NULL,0.464296906,0.540128909,NULL,0.042349712,-0.025152339
25-Mar,NULL,0.115340719,0.01152423,NULL,0.029535015,-0.004395919,NULL,0.127785347,-0.135704339,NULL,0.052585009,0.086414829,NULL,0.504821546,0.540180626,NULL,0.042349712,-0.019117424
26-Mar,NULL,0.126658984,0.01152423,NULL,0.027524107,-0.004395919,NULL,0.141267152,-0.135704339,NULL,0.055806768,0.087749033,NULL,0.50523641,0.558352234,NULL,0.041553233,-0.019117424
27-Mar,NULL,0.127345303,0.01152423,NULL,0.028291732,-0.004395919,NULL,0.1333345,-0.135704339,NULL,0.061411197,0.079332122,NULL,0.497628057,0.527830289,NULL,0.053715191,-0.019117424
28-Mar,NULL,0.132871095,0.01346297,NULL,0.029634008,-0.007983998,NULL,0.138501165,-0.086150859,NULL,0.080283889,0.086142534,NULL,0.516195518,0.532555518,NULL,0.054904649,-0.020283864
29-Mar,NULL,0.128150755,0.015397842,NULL,0.030112708,-0.010514433,NULL,0.156002087,-0.075857146,NULL,0.080278641,0.080576513,NULL,0.504150489,0.572173582,NULL,0.048862564,-0.010302166
30-Mar,NULL,0.126149379,0.018341984,NULL,0.030112708,-0.009245969,NULL,0.156002087,-0.084415728,NULL,0.080459035,0.089554914,NULL,0.500609018,0.561066131,NULL,0.048862564,-0.005979366
31-Mar,NULL,0.126149379,0.023250307,NULL,0.030112708,-0.013338795,NULL,0.156002087,-0.065369423,NULL,0.085439313,0.087261784,NULL,0.52485105,0.576937174,NULL,0.048862564,0.006653909
01-Apr,NULL,0.126149379,0.037001448,NULL,0.030112708,-0.009522753,NULL,0.156002087,0.011677713,NULL,0.088332336,0.084757046,NULL,0.501979656,0.574568747,NULL,0.048862564,0.016481358
02-Apr,NULL,0.13045678,0.037001448,NULL,0.034993578,-0.009522753,NULL,0.16682722,0.011677713,NULL,0.10107489,0.08060559,NULL,0.44093167,0.567116482,NULL,0.038838686,0.016481358
03-Apr,NULL,0.118359201,0.037001448,NULL,0.03280307,-0.009522753,NULL,0.183723913,0.011677713,NULL,0.108984241,0.090105501,NULL,0.4490885,0.552609464,NULL,0.037738421,0.016481358
04-Apr,NULL,0.115826722,0.036232344,NULL,0.027648987,-0.01517627,NULL,0.186064243,0.015922457,NULL,0.105749257,0.10841821,NULL,0.487403143,0.566206662,NULL,0.024188743,0.010565801
05-Apr,NULL,0.105465977,0.038467065,NULL,0.027457062,-0.019979774,NULL,0.200073079,0.02300848,NULL,0.123340018,0.10919794,NULL,0.477605822,0.566557929,NULL,0.032144251,0.012971014
06-Apr,NULL,0.101673473,0.029261477,NULL,0.02822476,-0.016926137,NULL,0.191323343,0.015108228,NULL,0.122816782,0.106814686,NULL,0.493208793,0.561807989,NULL,0.031855379,0.013047779
07-Apr,NULL,0.101673473,0.028140866,NULL,0.02822476,-0.014274692,NULL,0.191323343,0.016725713,NULL,0.115291137,0.104532381,NULL,0.499979064,0.557590307,NULL,0.031855379,0.016070912
08-Apr,NULL,0.101673473,0.024065009,NULL,0.02822476,-0.014274692,NULL,0.191323343,0.016725713,NULL,0.127164327,0.104268081,NULL,0.532688423,0.5583758,NULL,0.031855379,0.016070912
09-Apr,NULL,0.111646657,0.024065009,NULL,0.026594708,-0.014274692,NULL,0.197014375,0.016725713,NULL,0.133319616,0.100908878,NULL,0.497894392,0.572160639,NULL,0.03162066,0.016070912
10-Apr,NULL,0.108273344,0.024065009,NULL,0.026402581,-0.014274692,NULL,0.182578527,0.016725713,NULL,0.126430381,0.096078535,NULL,0.518850247,0.618746857,NULL,0.020763656,0.016070912
11-Apr,NULL,0.107987217,0.027922882,NULL,0.036777238,-0.010161096,NULL,0.194062045,0.009023815,NULL,0.143303837,0.101281645,NULL,0.511380502,0.638376524,NULL,0.020700383,0.018996774
12-Apr,NULL,0.122611303,0.027913523,NULL,0.037727975,-0.013965226,NULL,0.185720974,0.028553175,NULL,0.129185483,0.108606072,NULL,0.470491018,0.635201208,NULL,0.008327755,0.017860087
13-Apr,NULL,0.0756193,0.023098054,NULL,0.044661898,-0.020427539,NULL,0.189576136,0.050409741,NULL,0.137057309,0.119035104,NULL,0.420273725,0.643828343,NULL,0.001795166,0.029248832
14-Apr,NULL,0.0756193,0.012377361,NULL,0.044661898,-0.025059462,NULL,0.189576136,0.040556344,NULL,0.148223685,0.102678857,NULL,0.450314616,0.646678194,NULL,0.001795166,0.025040077
15-Apr,NULL,0.0756193,0.013251189,NULL,0.044661898,-0.01931687,NULL,0.189576136,0.04152724,NULL,0.146392408,0.101653658,NULL,0.415137245,0.641193553,NULL,0.001795166,0.028012087
16-Apr,NULL,0.074854937,0.013251189,NULL,0.046171152,-0.01931687,NULL,0.186899499,0.04152724,NULL,0.146971557,0.102075294,NULL,0.421217575,0.641089965,NULL,0.003487472,0.028012087
17-Apr,NULL,0.056206902,0.013251189,NULL,0.047678203,-0.01931687,NULL,0.182932214,0.04152724,NULL,0.139964384,0.097781029,NULL,0.381488726,0.612381394,NULL,0.002279499,0.028012087
18-Apr,NULL,0.040984872,0.014399366,NULL,0.043916316,-0.014197785,NULL,0.152824439,0.023583456,NULL,0.145293132,0.102915565,NULL,0.417979967,0.644730056,NULL,0.002864092,0.027701653
19-Apr,NULL,0.040984872,0.008674319,NULL,0.046370787,-0.018017564,NULL,0.150771073,0.022595779,NULL,0.150139528,0.097133925,NULL,0.423188628,0.592920851,NULL,0.008450257,0.02535836
20-Apr,NULL,0.054067389,0.008931731,NULL,0.045711594,-0.015264651,NULL,0.155975628,-0.002737828,NULL,0.1507296,0.10229639,NULL,0.44121505,0.5729126,NULL,0.015125858,0.022101712
21-Apr,NULL,0.054067389,0.002889352,NULL,0.045711594,-0.017127528,NULL,0.155975628,-0.024799517,NULL,0.147997473,0.09163807,NULL,0.440171931,0.538604077,NULL,0.015125858,0.022762916
22-Apr,NULL,0.054067389,0.001403079,NULL,0.045711594,-0.0179134,NULL,0.155975628,-0.013908761,NULL,0.12532951,0.091059512,NULL,0.46960569,0.558422665,NULL,0.015125858,0.024728002
23-Apr,NULL,0.043296316,0.001403079,NULL,0.045711594,-0.0179134,NULL,0.144897894,-0.013908761,NULL,0.121465024,0.091873295,NULL,0.463166115,0.55029414,NULL,0.022022068,0.024728002
24-Apr,NULL,0.067255855,0.001403079,NULL,0.041659575,-0.0179134,NULL,0.160361237,-0.013908761,NULL,0.118644588,0.096598937,NULL,0.431085668,0.547900461,NULL,0.020911278,0.024728002
25-Apr,NULL,0.066724991,-0.004848371,NULL,0.042889561,-0.022435609,NULL,0.153526708,-0.004033211,NULL,0.124555365,0.098575172,NULL,0.434272016,0.576320013,NULL,0.011157973,0.014556304
26-Apr,NULL,0.070501059,0.000901326,NULL,0.040621579,-0.016905315,NULL,0.165358118,-0.025115203,NULL,0.127872806,0.096782676,NULL,0.423007012,0.580386183,NULL,0.015197782,0.007728049
27-Apr,NULL,0.076156167,-0.000222852,NULL,0.045357324,-0.021030223,NULL,0.163926366,-0.060143804,NULL,0.129328897,0.093650893,NULL,0.417734045,0.617366692,NULL,0.019027045,0.023471581
28-Apr,NULL,0.076156167,0.008905386,NULL,0.045357324,-0.020339891,NULL,0.163926366,-0.053018146,NULL,0.128583673,0.094935332,NULL,0.41291042,0.612836382,NULL,0.019027045,0.031512695
29-Apr,NULL,0.076156167,0.000793817,NULL,0.045357324,-0.018368895,NULL,0.163926366,-0.02965678,NULL,0.128633002,0.095651507,NULL,0.424443511,0.60970848,NULL,0.019027045,0.03015013
30-Apr,NULL,0.076156167,0.000793817,NULL,0.041492282,-0.018368895,NULL,0.152813924,-0.02965678,NULL,0.108512945,0.094187305,NULL,0.374252262,0.610403161,NULL,0.00417354,0.03015013
01-May,NULL,0.076156167,0.000793817,NULL,0.047643522,-0.018368895,NULL,0.13734753,-0.02965678,NULL,0.122721203,0.091597602,NULL,0.334955307,0.57018156,NULL,0.006483868,0.03015013
02-May,NULL,0.076156167,0.000793817,NULL,0.042094271,-0.013647706,NULL,0.108751535,-0.041396951,NULL,0.114605907,0.106403555,NULL,0.349879977,0.591147593,NULL,0.014988963,0.019367468
03-May,NULL,0.079995527,0.000793817,NULL,0.038121834,-0.016486677,NULL,0.107740773,-0.096835236,NULL,0.112477435,0.122486662,NULL,0.41358403,0.602506218,NULL,0.026761671,0.011343222
04-May,NULL,0.09682552,0.000793817,NULL,0.035937847,-0.022966194,NULL,0.096232033,-0.144347729,NULL,0.112590028,0.122491074,NULL,0.429510875,0.597038523,NULL,0.031327586,0.002769033
05-May,NULL,0.09682552,0.000505595,NULL,0.035937847,-0.021582801,NULL,0.096232033,-0.136425293,NULL,0.110400754,0.106326242,NULL,0.431696772,0.620841931,NULL,0.031327586,0.019270027
06-May,NULL,0.09682552,0.013126719,NULL,0.035937847,-0.022174843,NULL,0.096232033,-0.097851761,NULL,0.12277532,0.107056688,NULL,0.418122382,0.59951893,NULL,0.031327586,0.017616322
07-May,NULL,0.102503808,0.013126719,NULL,0.036508817,-0.022174843,NULL,0.103396792,-0.097851761,NULL,0.11836703,0.107115001,NULL,0.405026953,0.583962784,NULL,0.032151017,0.017616322
08-May,NULL,0.103969379,0.013126719,NULL,0.039171921,-0.022174843,NULL,0.098569494,-0.097851761,NULL,0.115598423,0.110106779,NULL,0.386628326,0.557229146,NULL,0.036577716,0.017616322
09-May,NULL,0.102513958,0.013440053,NULL,0.040120493,-0.020989982,NULL,0.109930319,-0.076968819,NULL,0.131938027,0.116505817,NULL,0.417059478,0.555947363,NULL,0.045062143,0.015924323
10-May,NULL,0.099358474,0.017700935,NULL,0.037182685,-0.018820345,NULL,0.114473964,-0.06680949,NULL,0.138139743,0.114734743,NULL,0.381259558,0.554608926,NULL,0.048237701,0.015016133
11-May,NULL,0.095727159,0.016623682,NULL,0.03813315,-0.020886858,NULL,0.096758219,-0.077817986,NULL,0.137905739,0.108079854,NULL,0.381274915,0.53212785,NULL,0.04617943,0.008400934
12-May,NULL,0.095727159,0.025875261,NULL,0.03813315,-0.014082847,NULL,0.096758219,-0.096369567,NULL,0.137997646,0.106307242,NULL,0.392043851,0.524876254,NULL,0.04617943,0.008134025
13-May,NULL,0.095727159,0.02475982,NULL,0.03813315,-0.008108306,NULL,0.096758219,-0.115691848,NULL,0.128562541,0.10500751,NULL,0.415690599,0.524096096,NULL,0.04617943,0.009574853
14-May,NULL,0.098226776,0.02475982,NULL,0.037088609,-0.008108306,NULL,0.110188803,-0.115691848,NULL,0.136209904,0.105051808,NULL,0.394249755,0.529568024,NULL,0.049390001,0.009574853
15-May,NULL,0.107162804,0.02475982,NULL,0.035662812,-0.008108306,NULL,0.100217822,-0.115691848,NULL,0.150252537,0.106351474,NULL,0.470845847,0.539298751,NULL,0.058234979,0.009574853
16-May,NULL,0.118634527,0.024947557,NULL,0.027666582,-0.010834416,NULL,0.105317183,-0.097416594,NULL,0.145693674,0.096827788,NULL,0.455213595,0.533560336,NULL,0.057267226,-0.000514354
17-May,NULL,0.12204722,0.019815705,NULL,0.030449433,-0.009077116,NULL,0.11216651,-0.107511956,NULL,0.160858929,0.09296683,NULL,0.483118682,0.546955203,NULL,0.060633492,0.011863786
18-May,NULL,0.125558284,0.027237264,NULL,0.030449433,-0.006153394,NULL,0.120103079,-0.077058676,NULL,0.160455672,0.081295822,NULL,0.481462198,0.526275695,NULL,0.055713426,0.015308968
19-May,NULL,0.125558284,0.026076447,NULL,0.030449433,-0.000323072,NULL,0.120103079,-0.088192663,NULL,0.163159595,0.088058639,NULL,0.471566328,0.528434292,NULL,0.055713426,0.012050334
20-May,NULL,0.125558284,0.029422121,NULL,0.030449433,-0.003414558,NULL,0.120103079,-0.091528853,NULL,0.165275216,0.087683338,NULL,0.549568071,0.537339308,NULL,0.055713426,0.007860538
21-May,NULL,0.125213928,0.029422121,NULL,0.031406356,-0.003414558,NULL,0.116228499,-0.091528853,NULL,0.163912188,0.088111144,NULL,0.531209818,0.523488756,NULL,0.057376931,0.007860538
22-May,NULL,0.117203859,0.029422121,NULL,0.031597602,-0.003414558,NULL,0.097533418,-0.091528853,NULL,0.147419264,0.085470906,NULL,0.516749517,0.527131269,NULL,0.052312118,0.007860538
23-May,NULL,0.128349082,0.024948125,NULL,0.034273942,-2.64E-03,NULL,0.08577024,-0.085950031,NULL,0.12678046,0.086609508,NULL,0.49949354,0.541076573,NULL,0.037042103,0.000918809
24-May,NULL,0.113439224,0.021139018,NULL,0.035608541,-2.48E-05,NULL,0.082535669,-0.062787781,NULL,0.127707289,0.079614311,NULL,0.50827527,0.508353545,NULL,0.037152896,-0.006813331
25-May,NULL,0.117995737,0.023813714,NULL,0.031229266,0.003065792,NULL,0.092530433,-0.056823264,NULL,0.127803126,0.071301632,NULL,0.519071795,0.513722432,NULL,0.031605602,-0.007888684
26-May,NULL,0.117995737,0.022996534,NULL,0.031229266,0.006628306,NULL,0.092530433,-0.088085893,NULL,0.128993814,0.077650547,NULL,0.50827498,0.522903656,NULL,0.031605602,0.002143148
27-May,NULL,0.117995737,0.033543998,NULL,0.031229266,0.007299895,NULL,0.092530433,-0.069446249,NULL,0.135254036,0.074016148,NULL,0.521066652,0.528482491,NULL,0.031605602,0.00061539
28-May,NULL,0.129078917,0.033543998,NULL,0.031229266,0.007299895,NULL,0.092530433,-0.069446249,NULL,0.138213283,0.07059863,NULL,0.505239244,0.573788317,NULL,0.031605602,0.00061539
29-May,NULL,0.121986966,0.033543998,NULL,0.031802966,0.007299895,NULL,0.124017448,-0.069446249,NULL,0.129416239,0.070987803,NULL,0.494724386,0.561690974,NULL,0.021018986,0.00061539
30-May,NULL,0.117020858,0.036399929,NULL,0.036485667,0.007299895,NULL,0.11180709,-0.069446249,NULL,0.131029223,0.078255424,NULL,0.506368669,0.560121907,NULL,0.012432998,0.00061539
31-May,NULL,0.113388304,0.033728434,NULL,0.032966261,0.004902963,NULL,0.094526627,-0.118742992,NULL,0.12491144,0.080712355,NULL,0.493590519,0.542697702,NULL,0.027516113,-0.003455445
01-Jun,NULL,0.127876486,0.036723282,NULL,0.031725283,0.005864025,NULL,0.082461393,-0.147757703,NULL,0.124087717,0.086210949,NULL,0.496783865,0.528013993,NULL,0.024536014,0.001202982
02-Jun,NULL,0.127876486,0.048268225,NULL,0.031725283,0.000199081,NULL,0.082461393,-0.109148226,NULL,0.123819385,0.075721508,NULL,0.497443532,0.544032547,NULL,0.024536014,0.022411636
03-Jun,NULL,0.127876486,0.054666946,NULL,0.031725283,0.004834107,NULL,0.082461393,-0.04049704,NULL,0.134511999,0.074643974,NULL,0.512988253,0.537630214,NULL,0.024536014,0.016490843
04-Jun,NULL,0.130626502,0.054666946,NULL,0.026181995,0.004834107,NULL,0.044134713,-0.04049704,NULL,0.124773115,0.074963347,NULL,0.538611245,0.539253014,NULL,0.028172365,0.016490843
05-Jun,NULL,0.131273127,0.054666946,NULL,0.02733524,0.004834107,NULL,0.029003733,-0.04049704,NULL,0.136446744,0.079276629,NULL,0.545909969,0.489141821,NULL,0.030653271,0.016490843
06-Jun,NULL,0.130658094,0.064222349,NULL,0.028103233,0.004545768,NULL,0.048208143,-0.081014179,NULL,0.145191951,0.079637006,NULL,0.541328606,0.546543993,NULL,0.032684943,0.016801361
07-Jun,NULL,0.133789928,0.065332129,NULL,0.026568425,0.005603365,NULL,0.066646838,-0.086987235,NULL,0.111155523,0.07095383,NULL,0.521336593,0.513767744,NULL,0.030442922,0.01953384
08-Jun,NULL,0.136189848,0.05792357,NULL,0.035695187,0.00512312,NULL,0.062417954,-0.074270582,NULL,0.110963455,0.080206102,NULL,0.520805714,0.519924988,NULL,0.032222628,0.024541704
09-Jun,NULL,0.136189848,0.063562334,NULL,0.035695187,-0.002275713,NULL,0.062417954,-0.095382749,NULL,0.113523575,0.080278601,NULL,0.525743525,0.51887468,NULL,0.032222628,0.025817709
10-Jun,NULL,0.136189848,0.071228032,NULL,0.035695187,0.000144422,NULL,0.062417954,-0.104827432,NULL,0.118173455,0.078235688,NULL,0.523794998,0.49511615,NULL,0.032222628,0.031412895
11-Jun,NULL,0.131339646,0.071228032,NULL,0.036742413,0.000144422,NULL,0.099179789,-0.104827432,NULL,0.119991701,0.078866964,NULL,0.492430037,0.49855613,NULL,0.02911938,0.031412895
12-Jun,NULL,0.14362537,0.071228032,NULL,0.037978716,0.000144422,NULL,0.100459852,-0.104827432,NULL,0.122474351,0.078954579,NULL,0.505932619,0.49710402,NULL,0.02821065,0.031412895
13-Jun,NULL,0.144640659,0.076998485,NULL,0.032374647,0.000434125,NULL,0.102377539,-0.14695066,NULL,0.114477114,0.071906802,NULL,0.484174658,0.497730543,NULL,0.026528768,0.035692574
14-Jun,NULL,0.12804457,0.072508421,NULL,0.037532742,-0.002076032,NULL,0.097145899,-0.116643113,NULL,0.127260178,0.072086774,NULL,0.473010115,0.46709429,NULL,0.025029524,0.028888174
15-Jun,NULL,0.124028652,0.072105642,NULL,0.040193568,-0.005560359,NULL,0.103816041,-0.126015882,NULL,0.127643879,0.07756478,NULL,0.475735509,0.485073378,NULL,0.029925754,0.041505565
16-Jun,NULL,0.124028652,0.070538903,NULL,0.040193568,-0.013718831,NULL,0.103816041,-0.099087116,NULL,0.125642412,0.078123186,NULL,0.482504509,0.514439063,NULL,0.029925754,0.038339519
17-Jun,NULL,0.124028652,0.061733514,NULL,0.040193568,-0.010193561,NULL,0.103816041,-0.086330293,NULL,0.121873722,0.078017167,NULL,0.480272335,0.521398066,NULL,0.029925754,0.03118919
18-Jun,NULL,0.12773911,0.061733514,NULL,0.038203244,-0.010193561,NULL,0.128663096,-0.086330293,NULL,0.125885651,0.076877782,NULL,0.459975376,0.514817212,NULL,0.031389411,0.03118919
19-Jun,NULL,0.127965791,0.061733514,NULL,0.037253519,-0.010193561,NULL,0.142215208,-0.086330293,NULL,0.126924951,0.075568755,NULL,0.457205233,0.534365065,NULL,0.039111914,0.03118919
20-Jun,NULL,0.129927058,0.067450852,NULL,0.037253519,-0.010193561,NULL,0.142215208,-0.086330293,NULL,0.139537725,0.068598881,NULL,0.455178755,0.589352118,NULL,0.039111914,0.03118919
21-Jun,NULL,0.129708677,0.073513521,NULL,0.041436051,-0.009998434,NULL,0.139148475,-0.09402792,NULL,0.12376382,0.066302328,NULL,0.443880402,0.649357741,NULL,0.039509679,0.028183612
22-Jun,NULL,0.107946128,0.079629152,NULL,0.043234636,-0.014583812,NULL,0.129058655,-0.072448248,NULL,0.123729362,0.058560072,NULL,0.446320155,0.645527373,NULL,0.046173296,0.028041981
23-Jun,NULL,0.107946128,0.083254813,NULL,0.043234636,-0.011153463,NULL,0.129058655,-0.112486927,NULL,0.122947729,0.062489134,NULL,0.429639404,0.67171018,NULL,0.046173296,0.021582408
24-Jun,NULL,0.107946128,0.085601254,NULL,0.043234636,-0.006758028,NULL,0.129058655,-0.108028455,NULL,0.128126419,0.062366424,NULL,0.38368584,0.666928581,NULL,0.046173296,0.021205304
25-Jun,NULL,0.109891766,0.085601254,NULL,0.040210921,-0.006758028,NULL,0.144596256,-0.108028455,NULL,0.122762492,0.063930684,NULL,0.40902247,0.664688433,NULL,0.038585334,0.021205304
26-Jun,NULL,0.113616165,0.085601254,NULL,0.041632602,-0.006758028,NULL,0.132601204,-0.108028455,NULL,0.115145551,0.061933388,NULL,0.392949838,0.657827243,NULL,0.038985225,0.021205304
27-Jun,NULL,0.111911474,0.087632938,NULL,0.045512935,-0.007633298,NULL,0.134335587,-0.113039888,NULL,0.126853431,0.058723002,NULL,0.405998789,0.671603841,NULL,0.039911876,0.027494171
28-Jun,NULL,0.100974988,0.091176898,NULL,0.04409876,-0.009871917,NULL,0.146702641,-0.134337856,NULL,0.127149541,0.055628504,NULL,0.385145479,0.651989831,NULL,0.038757777,0.025310698
29-Jun,NULL,0.108394859,0.079792032,NULL,0.043437887,-0.005482131,NULL,0.141694045,-0.116105275,NULL,0.125560422,0.054873704,NULL,0.39454934,0.663925699,NULL,0.040052808,0.033279399
30-Jun,NULL,0.108394859,0.075162561,NULL,0.043437887,-0.001694258,NULL,0.141694045,-0.107874233,NULL,0.125416108,0.060240902,NULL,0.423962891,0.664973491,NULL,0.040052808,0.041636944
01-Jul,NULL,0.108394859,0.079911749,NULL,0.043437887,-0.005854881,NULL,0.141694045,-0.098851069,NULL,0.128022735,0.058058955,NULL,0.426733986,0.66867547,NULL,0.040052808,0.041952781
02-Jul,NULL,0.120534557,0.079911749,NULL,0.043437887,-0.005854881,NULL,0.16600348,-0.098851069,NULL,0.128472504,0.059196922,NULL,0.413640288,0.669678783,NULL,0.044197154,0.041952781
03-Jul,NULL,0.126094481,0.079911749,NULL,0.041737365,-0.005854881,NULL,0.163246637,-0.098851069,NULL,0.140753547,0.061335263,NULL,0.383733418,0.687172462,NULL,0.043590736,0.041952781
04-Jul,NULL,0.128475371,0.085686961,NULL,0.037005653,-0.00430024,NULL,0.168054348,-0.103109344,NULL,0.139071312,0.062187963,NULL,0.330617073,0.675012619,NULL,0.045317384,0.038180733
05-Jul,NULL,0.130936539,0.088001444,NULL,0.037005653,-0.00430024,NULL,0.168054348,-0.103109344,NULL,0.152825882,0.057917133,NULL,0.325082836,0.666453921,NULL,0.045317384,0.038180733
06-Jul,NULL,0.131341842,0.080598063,NULL,0.034248204,-0.001680947,NULL,0.162671609,-0.079588296,NULL,0.152719009,0.054001129,NULL,0.354046749,0.646632697,NULL,0.044528017,0.027495593
07-Jul,NULL,0.131341842,0.091119964,NULL,0.034248204,-0.004293397,NULL,0.162671609,-0.078334865,NULL,0.15099231,0.061401463,NULL,0.311949309,0.661107365,NULL,0.044528017,0.021971704
08-Jul,NULL,0.131341842,0.100741581,NULL,0.034248204,-0.011957356,NULL,0.162671609,-0.050931871,NULL,0.140027306,0.061260597,NULL,0.327276112,0.659468575,NULL,0.044528017,0.028182473
09-Jul,NULL,0.139249459,0.100741581,NULL,0.035297027,-0.011957356,NULL,0.151487,-0.050931871,NULL,0.141325872,0.061455211,NULL,0.350274554,0.65546407,NULL,0.043185518,0.028182473
10-Jul,NULL,0.133243461,0.100741581,NULL,0.036535287,-0.011957356,NULL,0.146500334,-0.050931871,NULL,0.144658899,0.061771747,NULL,0.345676484,0.663525932,NULL,0.054113722,0.028182473
11-Jul,NULL,0.131579392,0.103134925,NULL,0.035298559,-0.015378985,NULL,0.153712215,-0.060003062,NULL,0.16240357,0.065620896,NULL,0.338791052,0.670314821,NULL,0.054929168,0.037521965
12-Jul,NULL,0.129203595,0.105244662,NULL,0.03082193,-0.018812437,NULL,0.159294728,-0.037595639,NULL,0.161451269,0.075568358,NULL,0.348461496,0.662826331,NULL,0.061146152,0.040032305
13-Jul,NULL,0.128477416,0.114965762,NULL,0.026612259,-0.029344967,NULL,0.15084678,-0.023964787,NULL,0.161356525,0.079239222,NULL,0.371475324,0.698507265,NULL,0.066416541,0.041421373
14-Jul,NULL,0.128477416,0.117522763,NULL,0.026612259,-0.037005101,NULL,0.15084678,-0.006693789,NULL,0.159786826,0.077117098,NULL,0.397742225,0.66222633,NULL,0.066416541,0.044732615
15-Jul,NULL,0.128477416,0.121571017,NULL,0.026612259,-0.034899847,NULL,0.15084678,-0.034428456,NULL,0.165887312,0.076541902,NULL,0.464899777,0.660964986,NULL,0.066416541,0.046944219
16-Jul,NULL,0.12954015,0.121571017,NULL,0.0282456,-0.034899847,NULL,0.147925584,-0.034428456,NULL,0.185151666,0.076659357,NULL,0.468399015,0.659424382,NULL,0.084887816,0.046944219
17-Jul,NULL,0.119767893,0.121571017,NULL,0.027957842,-0.034899847,NULL,0.134864064,-0.034428456,NULL,0.181567875,0.077234815,NULL,0.453369855,0.656011255,NULL,0.090835826,0.046944219
18-Jul,NULL,0.124323808,0.122389307,NULL,0.022968356,-0.035600124,NULL,0.162817091,-0.045625422,NULL,0.17482173,0.088276996,NULL,0.451112692,0.646413721,NULL,0.077896907,0.05754345
19-Jul,NULL,0.116744077,0.121443907,NULL,0.027404293,-0.034699094,NULL,0.15511646,-0.023247476,NULL,0.157508797,0.088553268,NULL,0.493881426,0.648334952,NULL,0.068614033,0.060670066
20-Jul,NULL,0.108726861,0.121299043,NULL,0.029420414,-0.031698539,NULL,0.129895146,-0.029708419,NULL,0.157341057,0.084429158,NULL,0.500679374,0.644259652,NULL,0.071788964,0.065346708
21-Jul,NULL,0.108726861,0.132460242,NULL,0.029420414,-0.0267125,NULL,0.129895146,-0.025063449,NULL,0.161964561,0.082453748,NULL,0.515432518,0.648177766,NULL,0.071788964,0.065418013
22-Jul,NULL,0.108726861,0.13652462,NULL,0.029420414,-0.023636517,NULL,0.129895146,-0.007758228,NULL,0.155814428,0.082059897,NULL,0.507079831,0.643599125,NULL,0.071788964,0.070628314
23-Jul,NULL,0.090530442,0.13652462,NULL,0.028845486,-0.023636517,NULL,0.103523672,-0.007758228,NULL,0.161538652,0.081325507,NULL,0.482554093,0.654103572,NULL,0.070369914,0.070628314
24-Jul,NULL,0.095937048,0.13652462,NULL,0.030475299,-0.023636517,NULL,0.09304712,-0.007758228,NULL,0.157225923,0.078549204,NULL,0.4741276,0.623934486,NULL,0.057876291,0.070628314
25-Jul,NULL,0.091673699,0.140874974,NULL,0.02951812,-0.020372081,NULL,0.093692737,0.016134725,NULL,0.142851384,0.084499943,NULL,0.480324335,0.625664436,NULL,0.059913714,0.07138604
26-Jul,NULL,0.098907009,0.145005705,NULL,0.029326544,-0.021358065,NULL,0.10466046,0.022349029,NULL,0.152094115,0.085399612,NULL,0.512779883,0.630029589,NULL,0.076297047,0.073701369
27-Jul,NULL,0.102521817,0.142082743,NULL,0.02903909,-0.023430697,NULL,0.091259114,0.016803342,NULL,0.152078065,0.073887276,NULL,0.511326141,0.625114469,NULL,0.075079728,0.067017767
28-Jul,NULL,0.102521817,0.150718699,NULL,0.02903909,-0.017694352,NULL,0.091259114,0.028717091,NULL,0.156565681,0.079954919,NULL,0.517851867,0.628830802,NULL,0.075079728,0.072022209
29-Jul,NULL,0.102521817,0.163329743,NULL,0.02903909,-0.017596068,NULL,0.091259114,0.038862447,NULL,0.149923819,0.077474733,NULL,0.49681407,0.630115688,NULL,0.075079728,0.074849174
30-Jul,NULL,0.101286524,0.163329743,NULL,0.031243592,-0.017596068,NULL,0.073277234,0.038862447,NULL,0.16191091,0.078739478,NULL,0.487551884,0.627335785,NULL,0.080096965,0.074849174
31-Jul,NULL,0.106466958,0.163329743,NULL,0.030000313,-0.017596068,NULL,0.064450916,0.038862447,NULL,0.17647445,0.083431438,NULL,0.46365851,0.625791915,NULL,0.082538124,0.074849174
01-Aug,NULL,0.086850615,0.158963102,NULL,0.026553022,-0.015924428,NULL,0.108975086,0.052253666,NULL,0.17664719,0.07546489,NULL,0.475083124,0.64103719,NULL,0.070422881,0.076850001
02-Aug,NULL,0.094707444,0.161320271,NULL,0.028859141,-0.015040985,NULL,0.087089431,0.056168993,NULL,0.175563037,0.068351955,NULL,0.414762066,0.6233873,NULL,0.055286877,0.067078642
03-Aug,NULL,0.055462717,0.153552433,NULL,0.018409555,-0.008862118,NULL,0.052485508,0.028380981,NULL,0.176254328,0.066644007,NULL,0.402794764,0.6243039,NULL,0.029266156,0.065190202
04-Aug,NULL,0.055462717,0.165964201,NULL,0.018409555,-0.010226768,NULL,0.052485508,0.052951707,NULL,0.17443811,0.069839233,NULL,0.360554928,0.620719506,NULL,0.029266156,0.060923108
05-Aug,NULL,0.055462717,0.178558259,NULL,0.018409555,-0.014521495,NULL,0.052485508,0.066288258,NULL,0.162029041,0.071469977,NULL,0.289568449,0.619620079,NULL,0.029266156,0.072544399
06-Aug,NULL,0.074156972,0.178558259,NULL,0.014146791,-0.014521495,NULL,0.047769183,0.066288258,NULL,0.154493349,0.0699025,NULL,0.327405164,0.619610731,NULL,0.036872507,0.072544399
07-Aug,NULL,0.07878398,0.178558259,NULL,0.015800792,-0.014521495,NULL,0.033959214,0.066288258,NULL,0.152389575,0.070557752,NULL,0.309436613,0.624387377,NULL,0.030866738,0.072544399
08-Aug,NULL,0.072566213,0.179210687,NULL,0.017160669,-0.013933342,NULL,0.070065818,0.062786677,NULL,0.168049581,0.065074487,NULL,0.430879174,0.644432013,NULL,0.048487436,0.068072264
09-Aug,NULL,0.085245031,0.172577462,NULL,0.01890672,-0.009230654,NULL,0.077353421,0.067027541,NULL,0.170977269,0.060211332,NULL,0.417428816,0.637578504,NULL,0.049781614,0.062660069
10-Aug,NULL,0.090671475,0.161734583,NULL,0.017744764,-0.009913244,NULL,0.090113238,0.083557497,NULL,0.171302253,0.057961108,NULL,0.418507973,0.63311654,NULL,0.046223739,0.064163031
11-Aug,NULL,0.090671475,0.171238008,NULL,0.017744764,-0.00854713,NULL,0.090113238,0.06670292,NULL,0.169721402,0.055911704,NULL,0.381978341,0.63203338,NULL,0.046223739,0.067155115
12-Aug,NULL,0.090671475,0.174995488,NULL,0.017744764,-0.006305893,NULL,0.090113238,0.069841813,NULL,0.188449317,0.056916118,NULL,0.392793001,0.632654176,NULL,0.046223739,0.06789858
13-Aug,NULL,0.090785283,0.174995488,NULL,0.017163037,-0.006305893,NULL,0.125832163,0.069841813,NULL,0.184941215,0.054426213,NULL,0.413937993,0.628131096,NULL,0.056606359,0.06789858
14-Aug,NULL,0.090736471,0.174995488,NULL,0.012506952,-0.006305893,NULL,0.113166067,0.069841813,NULL,0.180691785,0.054262714,NULL,0.383046882,0.632417872,NULL,0.062710875,0.06789858
15-Aug,NULL,0.085209693,0.172739807,NULL,0.012701833,-0.003388995,NULL,0.097797,0.062981785,NULL,0.182206166,0.051507062,NULL,0.363005571,0.624321704,NULL,0.076574666,0.057667412
16-Aug,NULL,0.108641254,0.180203006,NULL,0.016696802,-0.002807341,NULL,0.106053025,0.047349292,NULL,0.201955061,0.049366962,NULL,0.386181484,0.60825853,NULL,0.078958686,0.052497998
17-Aug,NULL,0.116139888,0.172336566,NULL,0.010485627,-0.000191274,NULL,0.085838058,0.02297402,NULL,0.20287971,0.047828408,NULL,0.396112311,0.537279358,NULL,0.084781876,0.044130273
18-Aug,NULL,0.116139888,0.127350031,NULL,0.010485627,-0.000964388,NULL,0.085838058,0.032942486,NULL,0.201699657,0.048382675,NULL,0.379383579,0.514215248,NULL,0.084781876,0.044879574
19-Aug,NULL,0.116139888,0.128852607,NULL,0.010485627,-0.000674264,NULL,0.085838058,0.050308795,NULL,0.202082308,0.047786419,NULL,0.39664452,0.516006006,NULL,0.084781876,0.043808036
20-Aug,NULL,0.124803395,0.128852607,NULL,0.005407461,-0.000674264,NULL,0.05658753,0.050308795,NULL,0.210403393,0.047031135,NULL,0.388565309,0.519584262,NULL,0.083276553,0.043808036
21-Aug,NULL,0.133840368,0.128852607,NULL,0.000205274,-0.000674264,NULL,0.040176532,0.050308795,NULL,0.206289733,0.050448348,NULL,0.425208185,0.51708543,NULL,0.08463616,0.043808036
22-Aug,NULL,0.132851294,0.129471361,NULL,-0.001965434,-0.001641087,NULL,0.023901882,0.042572123,NULL,0.195785974,0.052443647,NULL,0.41224088,0.513545242,NULL,0.080290234,0.038734196
23-Aug,NULL,0.134831304,0.122753869,NULL,0.001297711,0.000778346,NULL,0.038221342,0.028215642,NULL,0.204458613,0.061400036,NULL,0.473723552,0.528910548,NULL,0.091645314,0.044104818
24-Aug,NULL,0.130707874,0.137107041,NULL,-0.006390036,-0.001345628,NULL,0.067552474,0.014780186,NULL,0.204632831,0.058529187,NULL,0.475044054,0.518723229,NULL,0.093234659,0.033268546
25-Aug,NULL,0.130707874,0.132045607,NULL,-0.006390036,0.005813794,NULL,0.067552474,0.018725682,NULL,0.204431942,0.057907294,NULL,0.477452175,0.514338876,NULL,0.093234659,0.040526046
26-Aug,NULL,0.130707874,0.147552148,NULL,-0.006390036,0.006678385,NULL,0.067552474,0.034826142,NULL,0.204736492,0.058315568,NULL,0.454868578,0.512833747,NULL,0.093234659,0.046729868
27-Aug,NULL,0.131129773,0.147552148,NULL,-0.004999497,0.006678385,NULL,0.095515171,0.034826142,NULL,0.206911189,0.059039622,NULL,0.401171188,0.51595698,NULL,0.093476665,0.046729868
28-Aug,NULL,0.131816881,0.147552148,NULL,-0.007479164,0.006678385,NULL,0.076732826,0.034826142,NULL,0.200738377,0.060463276,NULL,0.393163209,0.516587766,NULL,0.089620273,0.046729868
29-Aug,NULL,0.131840315,0.149807318,NULL,-0.003203532,0.004086925,NULL,0.059175046,0.032705142,NULL,0.207145748,0.068383099,NULL,0.399271446,0.578689691,NULL,0.095549221,0.055198952
30-Aug,NULL,0.133713183,0.157055543,NULL,0.000558817,-0.000531972,NULL,0.078659118,0.049084205,NULL,0.199980213,0.071172198,NULL,0.394746924,0.563176983,NULL,0.101065782,0.056276816
31-Aug,NULL,0.127427542,0.166032112,NULL,0.003320766,-0.00381894,NULL,0.047816837,0.054127827,NULL,0.200608364,0.071719129,NULL,0.392216825,0.513142925,NULL,0.086000766,0.051452311
01-Sept,NULL,0.127427542,0.17496143,NULL,0.003320766,0.001224749,NULL,0.047816837,0.077750843,NULL,0.20049069,0.069708888,NULL,0.364331239,0.508100865,NULL,0.086000766,0.054787403
02-Sept,NULL,0.127427542,0.17496143,NULL,0.003320766,0.006146525,NULL,0.047816837,0.106807406,NULL,0.198791676,0.069984831,NULL,0.395503973,0.510739326,NULL,0.086000766,0.049168716
03-Sept,NULL,0.127427542,0.17496143,NULL,0.003320766,0.006146525,NULL,0.047816837,0.106807406,NULL,0.19677244,0.069521928,NULL,0.36705893,0.514634659,NULL,0.086000766,0.049168716
04-Sept,NULL,0.127427542,0.17496143,NULL,0.003615855,0.006146525,NULL,0.00361719,0.106807406,NULL,0.197970441,0.070341793,NULL,0.376470492,0.50858333,NULL,0.086929978,0.049168716
05-Sept,NULL,0.121478265,0.17496143,NULL,-0.000416042,0.006146525,NULL,-0.010753928,0.106807406,NULL,0.206513277,0.063888241,NULL,0.345230149,0.507326818,NULL,0.081579913,0.049168716
06-Sept,NULL,0.126012214,0.183479802,NULL,-0.00258825,0.012100648,NULL,-0.009887677,0.114476517,NULL,0.199043338,0.058423066,NULL,0.305847756,0.506289343,NULL,0.071511644,0.043430666
07-Sept,NULL,0.121121966,0.181584993,NULL,-0.001301837,0.013150773,NULL,-0.027196267,0.123932233,NULL,0.197712434,0.058896906,NULL,0.309386922,0.525197995,NULL,0.083512505,0.045101216
08-Sept,NULL,0.121121966,0.180249637,NULL,-0.001301837,0.015058049,NULL,-0.027196267,0.115250463,NULL,0.197840138,0.061800115,NULL,0.322351144,0.512448814,NULL,0.083512505,0.047299992
09-Sept,NULL,0.121121966,0.165871656,NULL,-0.001301837,0.013915891,NULL,-0.027196267,0.122394998,NULL,0.20198314,0.061678201,NULL,0.362064976,0.512063702,NULL,0.083512505,0.049819873
10-Sept,NULL,0.111261822,0.165871656,NULL,0.003145212,0.013915891,NULL,-0.01765566,0.122394998,NULL,0.206254611,0.059033309,NULL,0.373099366,0.509613441,NULL,0.081243835,0.049819873
11-Sept,NULL,0.109700387,0.165871656,NULL,0.003342027,0.013915891,NULL,-0.054003437,0.122394998,NULL,0.203677421,0.062575587,NULL,0.36779935,0.483693404,NULL,0.084306164,0.049819873
12-Sept,NULL,0.112157922,0.183695619,NULL,0.004522385,0.010294728,NULL,-0.037256294,0.120907528,NULL,0.22211779,0.059294462,NULL,0.38146863,0.510347566,NULL,0.090058703,0.049308374
13-Sept,NULL,0.108464672,0.178035028,NULL,-0.001176199,0.010486046,NULL,-0.008765447,0.137866431,NULL,0.229424042,0.057796189,NULL,0.423519459,0.525637126,NULL,0.097285834,0.047274747
14-Sept,NULL,0.098518318,0.166261713,NULL,-0.002757188,0.012015937,NULL,-0.010929549,0.138542459,NULL,0.230755005,0.055415137,NULL,0.414172133,0.537507866,NULL,0.10280108,0.056864711
15-Sept,NULL,0.098518318,0.16916243,NULL,-0.002757188,0.0181263,NULL,-0.010929549,0.159486054,NULL,0.230562728,0.059895971,NULL,0.40046855,0.540108483,NULL,0.10280108,0.048589288
16-Sept,NULL,0.098518318,0.15649302,NULL,-0.002757188,0.017367198,NULL,-0.010929549,0.165331414,NULL,0.232504232,0.057761705,NULL,0.383735183,0.538589727,NULL,0.10280108,0.048764413
17-Sept,NULL,0.114406784,0.15649302,NULL,-0.005528355,0.017367198,NULL,0.008445759,0.165331414,NULL,0.228500754,0.064349586,NULL,0.420097789,0.537306477,NULL,0.102419108,0.048764413
18-Sept,NULL,0.119133004,0.15649302,NULL,-0.003741929,0.017367198,NULL,0.017523764,0.165331414,NULL,0.222707501,0.06623898,NULL,0.442335778,0.545601201,NULL,0.099941637,0.048764413
19-Sept,NULL,0.124168971,0.156237156,NULL,-0.003048451,0.015277918,NULL,0.003326377,0.176515672,NULL,0.233722588,0.062262511,NULL,0.46327307,0.562676447,NULL,0.112521175,0.045686508
20-Sept,NULL,0.12477468,0.168296574,NULL,-0.006216451,0.015563403,NULL,0.031417084,0.169250457,NULL,0.246281571,0.06471549,NULL,0.467285109,0.559769202,NULL,0.113429391,0.043460071
21-Sept,NULL,0.12197598,0.157392173,NULL,-0.005719923,0.018702988,NULL,0.020460067,0.144673723,NULL,0.246636782,0.061805266,NULL,0.470479503,0.538968124,NULL,0.114886457,0.032703753
22-Sept,NULL,0.12197598,0.14115626,NULL,-0.005719923,0.018133895,NULL,0.020460067,0.148257147,NULL,0.246708227,0.06025307,NULL,0.474484105,0.539417376,NULL,0.114886457,0.029575467
23-Sept,NULL,0.12197598,0.107754394,NULL,-0.005719923,0.019936917,NULL,0.020460067,0.158634298,NULL,0.248848922,0.061378889,NULL,0.469473632,0.539410689,NULL,0.114886457,0.030842669
24-Sept,NULL,0.128684804,0.107754394,NULL,-0.003436784,0.019936917,NULL,0.012747328,0.158634298,NULL,0.26037132,0.059198639,NULL,0.484824509,0.527274803,NULL,0.116870338,0.030842669
25-Sept,NULL,0.136899426,0.107754394,NULL,-0.010270521,0.019936917,NULL,0.023770487,0.158634298,NULL,0.25938218,0.058943726,NULL,0.466802911,0.528861221,NULL,0.109917456,0.030842669
26-Sept,NULL,0.140014045,0.094539001,NULL,-0.003788655,0.023441727,NULL,0.000706446,0.151235007,NULL,0.265952748,0.0491223,NULL,0.499076802,0.525772431,NULL,0.116129097,0.019433213
27-Sept,NULL,0.139572736,0.108502599,NULL,-0.007157366,0.02608472,NULL,-0.034205594,0.158466889,NULL,0.261319375,0.038473083,NULL,0.508429901,0.530939518,NULL,0.119398576,0.017392414
28-Sept,NULL,0.137264226,0.107272004,NULL,-0.008847377,0.030415346,NULL,-0.016711148,0.194366591,NULL,0.261138252,0.035979393,NULL,0.509904037,0.556319447,NULL,0.119803852,0.020852008
29-Sept,NULL,0.137264226,0.108764477,NULL,-0.008847377,0.025447229,NULL,-0.016711148,0.172826853,NULL,0.262907481,0.025751449,NULL,0.506074127,0.552255054,NULL,0.119803852,0.016133947
30-Sept,NULL,0.137264226,0.109717538,NULL,-0.008847377,0.02563561,NULL,-0.016711148,0.162582711,NULL,0.251119977,0.025259189,NULL,0.470943572,0.55434319,NULL,0.119803852,0.013921056
01-Oct,NULL,0.140571841,0.109717538,NULL,-0.005660763,0.02563561,NULL,-0.01991665,0.162582711,NULL,0.262409139,0.028938674,NULL,0.43158605,0.592011431,NULL,0.115712685,0.013921056
02-Oct,NULL,0.137197762,0.109717538,NULL,-0.000697491,0.02563561,NULL,0.015019752,0.162582711,NULL,0.2622159,0.014811152,NULL,0.428229168,0.575824722,NULL,0.116650864,0.013921056
03-Oct,NULL,0.129634718,0.077559975,NULL,0.003253531,0.033735832,NULL,0.017562129,0.138909495,NULL,0.260456777,0.012772289,NULL,0.430317431,0.572163125,NULL,0.112268283,0.001030555
04-Oct,NULL,0.123766632,0.087013574,NULL,0.005910008,0.034016116,NULL,0.059404809,0.147367823,NULL,0.259597582,0.007471623,NULL,0.451846185,0.585630726,NULL,0.120388903,0.00488397
05-Oct,NULL,0.123239384,0.073918489,NULL,0.011601247,0.031307346,NULL,0.065490064,0.091787402,NULL,0.259668676,0.012196025,NULL,0.452208253,0.571836094,NULL,0.110979556,0.004582715
06-Oct,NULL,0.123239384,0.087070618,NULL,0.011601247,0.027467353,NULL,0.065490064,0.066091744,NULL,0.258523068,0.013495382,NULL,0.463949347,0.591192938,NULL,0.110979556,0.013278716
07-Oct,NULL,0.123239384,0.094885977,NULL,0.011601247,0.025022805,NULL,0.065490064,0.102188016,NULL,0.255276202,0.015011153,NULL,0.454679963,0.59198882,NULL,0.110979556,0.019177686
08-Oct,NULL,0.124853588,0.094885977,NULL,0.011308547,0.025022805,NULL,0.104871788,0.102188016,NULL,0.247456864,0.025317301,NULL,0.452997813,0.59078212,NULL,0.113985994,0.019177686
09-Oct,NULL,0.13261314,0.094885977,NULL,0.011601333,0.025022805,NULL,0.059740462,0.102188016,NULL,0.242446869,0.030993139,NULL,0.428053051,0.578202525,NULL,0.124243244,0.019177686
10-Oct,NULL,0.1361315,0.100451459,NULL,0.015406576,0.024363053,NULL,0.053646245,0.116029662,NULL,0.251211863,0.029818737,NULL,0.422975618,0.571218025,NULL,0.122881772,0.023184642
11-Oct,NULL,0.137709619,0.106677025,NULL,0.015406576,0.021533708,NULL,0.085666936,0.110591721,NULL,0.260468448,0.039411998,NULL,0.458987362,0.552317698,NULL,0.132533091,0.025128082
12-Oct,NULL,0.136118448,0.107372124,NULL,0.015892609,0.020966176,NULL,0.076556891,0.078483739,NULL,0.261071794,0.037929837,NULL,0.470964822,0.547981744,NULL,0.137230741,0.019988868
13-Oct,NULL,0.136118448,0.11008137,NULL,0.015892609,0.029010072,NULL,0.076556891,0.082209763,NULL,0.258628637,0.064683556,NULL,0.465558395,0.551927514,NULL,0.137230741,0.021152921
14-Oct,NULL,0.136118448,0.098554921,NULL,0.015892609,0.029573395,NULL,0.076556891,0.132622875,NULL,0.257846477,0.06765234,NULL,0.516388628,0.551902648,NULL,0.137230741,0.030486075
15-Oct,NULL,0.13202932,0.098554921,NULL,0.018612892,0.029573395,NULL,0.029388326,0.132622875,NULL,0.262213599,0.064501801,NULL,0.53145362,0.562994471,NULL,0.129688764,0.030486075
16-Oct,NULL,0.130780393,0.098554921,NULL,0.019097371,0.029573395,NULL,0.022116557,0.132622875,NULL,0.266845222,0.061619822,NULL,0.539979872,0.613061918,NULL,0.13758006,0.030486075
17-Oct,NULL,0.136282658,0.081234374,NULL,0.022002614,0.026570959,NULL,0.017749779,0.125098894,NULL,0.27374355,0.064028889,NULL,0.53683131,0.609425148,NULL,0.141325654,0.030871821
18-Oct,NULL,0.135458685,0.064963701,NULL,0.024416674,0.026194515,NULL,0.018740153,0.133713642,NULL,0.284490544,0.074029474,NULL,0.551949346,0.606349169,NULL,0.14217811,0.021089664
19-Oct,NULL,0.131032299,0.050870853,NULL,0.021045144,0.029207127,NULL,0.000506925,0.138610582,NULL,0.28540383,0.085089607,NULL,0.551130058,0.620168009,NULL,0.134221984,0.013636652
20-Oct,NULL,0.131032299,0.069421255,NULL,0.021045144,0.026579018,NULL,0.000506925,0.16172936,NULL,0.28602295,0.09237104,NULL,0.560476799,0.65370384,NULL,0.134221984,0.005050755
21-Oct,NULL,0.131032299,0.056334967,NULL,0.021045144,0.025637944,NULL,0.000506925,0.136474611,NULL,0.28580219,0.092613613,NULL,0.536798375,0.661636438,NULL,0.134221984,-0.000710994
22-Oct,NULL,0.123312158,0.056334967,NULL,0.025974606,0.025637944,NULL,0.015335586,0.136474611,NULL,0.300518218,0.090015463,NULL,0.536702702,0.664159445,NULL,0.134065667,-0.000710994
23-Oct,NULL,0.12410751,0.056334967,NULL,0.027128738,0.025637944,NULL,0.027535907,0.136474611,NULL,0.290876955,0.08795659,NULL,0.522908291,0.76725835,NULL,0.124515464,-0.000710994
24-Oct,NULL,0.113492993,0.067646952,NULL,0.030395181,0.020457057,NULL,0.022910794,0.115451901,NULL,0.297468606,0.087879271,NULL,0.548932711,0.791899806,NULL,0.121208631,0.005512172
25-Oct,NULL,0.109763054,0.063812979,NULL,0.026756406,0.026517083,NULL,0.013195293,0.086897066,NULL,0.29713347,0.092832776,NULL,0.52665253,0.809636262,NULL,0.115073767,0.002330372
26-Oct,NULL,0.111399532,0.021867114,NULL,0.02935128,0.029622983,NULL,-0.005999907,0.106971152,NULL,0.295021307,0.093027783,NULL,0.532238781,0.799603115,NULL,0.121560192,-0.005286453
27-Oct,NULL,0.111399532,0.026765541,NULL,0.02935128,0.029716757,NULL,-0.005999907,0.085417867,NULL,0.294320618,0.106183181,NULL,0.545886557,0.792376187,NULL,0.121560192,-0.016472018
28-Oct,NULL,0.111399532,0.009586937,NULL,0.02935128,0.029622991,NULL,-0.005999907,0.103016349,NULL,0.294707467,0.103045084,NULL,0.575011854,0.797677705,NULL,0.121560192,-0.000697524
29-Oct,NULL,0.116986221,0.009586937,NULL,0.0292554,0.029622991,NULL,-0.019917081,0.103016349,NULL,0.303981417,0.104405585,NULL,0.615246793,0.810846137,NULL,0.117914795,-0.000697524
30-Oct,NULL,0.114489728,0.009586937,NULL,0.028680215,0.029622991,NULL,-0.028002871,0.103016349,NULL,0.309384898,0.101858545,NULL,0.610008199,0.809800429,NULL,0.115747967,-0.000697524
31-Oct,NULL,0.11913762,-0.004045145,NULL,0.027145408,0.025682307,NULL,-0.003844027,0.074663365,NULL,0.29479433,0.098346385,NULL,0.580641803,0.814594824,NULL,0.106776341,0.00306543
01-Nov,NULL,0.111553501,0.007110471,NULL,0.024935823,0.030486324,NULL,0.015548216,0.061223566,NULL,0.293441531,0.096006386,NULL,0.570206472,0.836790437,NULL,0.113689812,0.009773078
02-Nov,NULL,0.103441194,0.041554362,NULL,0.025994947,0.028892641,NULL,0.013418722,0.053123374,NULL,0.291222896,0.094297391,NULL,0.567425982,0.82270888,NULL,0.107564333,0.026737981
03-Nov,NULL,0.103441194,0.042772488,NULL,0.025994947,0.026075711,NULL,0.013418722,0.074900188,NULL,0.292864248,0.09815977,NULL,0.559514855,0.81681511,NULL,0.107564333,0.033305601
04-Nov,NULL,0.103441194,0.054734082,NULL,0.025994947,0.015435435,NULL,0.013418722,0.057341402,NULL,0.29156206,0.099313008,NULL,0.545991516,0.826888467,NULL,0.107564333,0.034319627
05-Nov,NULL,0.104284803,0.054734082,NULL,0.025417881,0.015435435,NULL,0.032340359,0.057341402,NULL,0.294623416,0.096948818,NULL,0.568820307,0.825952384,NULL,0.117787599,0.034319627
06-Nov,NULL,0.116743077,0.054734082,NULL,0.026668937,0.015435435,NULL,0.037925305,0.057341402,NULL,0.268071161,0.091822125,NULL,0.659355993,0.825610455,NULL,0.153504882,0.034319627
07-Nov,NULL,0.11553,0.046135074,NULL,0.037434053,0.017338899,NULL,0.035842635,0.054876261,NULL,0.281515532,0.085374635,NULL,0.662869802,0.837203545,NULL,0.153491393,0.035983823
08-Nov,NULL,0.109822565,0.076812034,NULL,0.030682373,0.019903773,NULL,0.040573348,0.007798569,NULL,0.272855655,0.078458261,NULL,0.671309541,0.84317684,NULL,0.159429019,0.034802887
09-Nov,NULL,0.108034138,0.077225137,NULL,0.035469353,0.019809002,NULL,0.013430305,-0.011262649,NULL,0.272531838,0.081105136,NULL,0.674358586,0.872284667,NULL,0.166343036,0.028343975
10-Nov,NULL,0.108034138,0.066263587,NULL,0.035469353,0.023599408,NULL,0.013430305,-0.012055844,NULL,0.271754479,0.072203434,NULL,0.72248798,0.88920456,NULL,0.166343036,0.039885367
11-Nov,NULL,0.108034138,0.064802085,NULL,0.035469353,0.022372208,NULL,0.013430305,0.008581876,NULL,0.249285771,0.071737073,NULL,0.824723207,0.884490027,NULL,0.166343036,0.041482933
12-Nov,NULL,0.103635264,0.064802085,NULL,0.040614669,0.022372208,NULL,-0.016462911,0.008581876,NULL,0.240952055,0.074233644,NULL,0.816316675,0.882240817,NULL,0.157715322,0.041482933
13-Nov,NULL,0.1046154,0.064802085,NULL,0.04563883,0.022372208,NULL,-0.018957382,0.008581876,NULL,0.233071692,0.076229477,NULL,0.846199312,0.867339421,NULL,0.158790473,0.041482933
14-Nov,NULL,0.093259405,0.073583376,NULL,0.05016631,0.020954425,NULL,-0.01675094,0.026469073,NULL,0.229195027,0.084168425,NULL,0.809396694,0.840910583,NULL,0.1540739,0.055747886
15-Nov,NULL,0.082446696,0.085090698,NULL,0.053922193,0.008933561,NULL,-0.009558727,0.02188483,NULL,0.227482902,0.084027878,NULL,0.853128033,0.906839029,NULL,0.147082698,0.060442762
16-Nov,NULL,0.081256817,0.087790056,NULL,0.051770618,0.008741985,NULL,-0.035207256,0.001800402,NULL,0.226494838,0.092106097,NULL,0.847554809,0.861279737,NULL,0.145807828,0.059135514
17-Nov,NULL,0.081256817,0.06616461,NULL,0.051770618,0.009125283,NULL,-0.035207256,-0.045588597,NULL,0.231314476,0.092606308,NULL,0.839685584,0.87350258,NULL,0.145807828,0.059187381
18-Nov,NULL,0.081256817,0.068407723,NULL,0.051770618,0.00356971,NULL,-0.035207256,-0.008861171,NULL,0.246329067,0.092251877,NULL,0.847440968,0.87320254,NULL,0.145807828,0.065017815
19-Nov,NULL,0.071422149,0.068407723,NULL,0.047927025,0.00356971,NULL,-0.003050488,-0.008861171,NULL,0.254847711,0.094459866,NULL,0.867333788,0.895092067,NULL,0.143026974,0.065017815
20-Nov,NULL,0.080873267,0.068407723,NULL,0.046609508,0.00356971,NULL,0.004774478,-0.008861171,NULL,0.261139274,0.092117198,NULL,0.888945454,0.897510321,NULL,0.146251627,0.065017815
21-Nov,NULL,0.090564618,0.074568974,NULL,0.051038396,0.000198505,NULL,-0.002558406,0.017576369,NULL,0.268009024,0.100764554,NULL,0.933096999,0.853132531,NULL,0.156892012,0.063232661
22-Nov,NULL,0.090377388,0.077594734,NULL,0.055447826,0.000971694,NULL,0.013953751,0.019121703,NULL,0.284872153,0.098669753,NULL,0.938101201,0.898325355,NULL,0.166606093,0.068497728
23-Nov,NULL,0.095751523,0.054853216,NULL,0.057222555,0.002903098,NULL,0.031907615,0.006520497,NULL,0.285669333,0.100919056,NULL,0.925773811,0.894512643,NULL,0.176540478,0.071818032
24-Nov,NULL,0.095751523,0.061394384,NULL,0.057222555,0.002903098,NULL,0.031907615,0.006520497,NULL,0.286831836,0.103861513,NULL,0.928192973,0.906061705,NULL,0.176540478,0.071818032
25-Nov,NULL,0.095751523,0.054503312,NULL,0.057222555,-0.000277642,NULL,0.031907615,-0.01275289,NULL,0.249263672,0.101945459,NULL,0.878082453,0.908090102,NULL,0.176540478,0.070216465
26-Nov,NULL,0.101769223,0.054503312,NULL,0.059460297,-0.000277642,NULL,-0.001127107,-0.01275289,NULL,0.255766229,0.101100977,NULL,0.866085149,0.899685371,NULL,0.179306409,0.070216465
27-Nov,NULL,0.101640384,0.054503312,NULL,0.053227176,-0.000277642,NULL,-0.003587995,-0.01275289,NULL,0.258755858,0.110142191,NULL,0.909322602,0.89368328,NULL,0.17622462,0.070216465
28-Nov,NULL,0.10175312,0.061276831,NULL,0.045082608,-0.003081751,NULL,-0.005619733,-0.015939689,NULL,0.257691784,0.123917394,NULL,0.906091523,0.909169278,NULL,0.180441552,0.072579995
29-Nov,NULL,0.108475533,0.068004778,NULL,0.045082608,-0.007736029,NULL,-0.005619733,0.003908424,NULL,0.262138294,0.124596715,NULL,0.925004309,0.909893715,NULL,0.180441552,0.072959514
30-Nov,NULL,0.109075312,0.060142932,NULL,0.04385564,-0.005982495,NULL,-0.016816427,0.019451821,NULL,0.26237309,0.122840474,NULL,0.914615915,0.906043955,NULL,0.17757701,0.087649397
01-Dec,NULL,0.109075312,0.067482123,NULL,0.04385564,-0.000828369,NULL,-0.016816427,-0.008329576,NULL,0.260822125,0.135713207,NULL,0.923229108,0.931923903,NULL,0.17757701,0.09584417
02-Dec,NULL,0.109075312,0.084113062,NULL,0.04385564,-0.002473088,NULL,-0.016816427,-0.02169106,NULL,0.258350981,0.137587069,NULL,0.908688736,0.952280778,NULL,0.17757701,0.094711378
03-Dec,NULL,0.107972376,0.084113062,NULL,0.050092681,-0.002473088,NULL,-0.014463432,-0.02169106,NULL,0.258884395,0.15572749,NULL,0.910116357,0.964998742,NULL,0.175869432,0.094711378
04-Dec,NULL,0.100435413,0.084113062,NULL,0.049623081,-0.002473088,NULL,0.012825196,-0.02169106,NULL,0.26177149,0.120026087,NULL,0.938932033,1.015068468,NULL,0.182770319,0.094711378
05-Dec,NULL,0.122299147,0.080079095,NULL,0.048777417,0.001112483,NULL,-0.005455279,-0.038853821,NULL,0.255007498,0.115017051,NULL,0.916911244,1.065105292,NULL,0.177253637,0.092504941
06-Dec,NULL,0.124358258,0.089452181,NULL,0.043605371,0.005264668,NULL,-0.009819484,-0.055224961,NULL,0.254741372,0.117579002,NULL,0.951355986,1.057523663,NULL,0.174501723,0.090563633
07-Dec,NULL,0.127271285,0.085066589,NULL,0.045306858,0.006418652,NULL,-0.028668123,-0.094337301,NULL,0.255797448,0.117526384,NULL,0.951382257,1.047150677,NULL,0.169112469,0.092309583
08-Dec,NULL,0.127271285,0.087696974,NULL,0.045306858,0.001904184,NULL,-0.028668123,-0.087408846,NULL,0.256493846,0.106749825,NULL,0.964519125,1.067337412,NULL,0.169112469,0.095922585
09-Dec,NULL,0.127271285,0.088639718,NULL,0.045306858,0.005184809,NULL,-0.028668123,-0.067483397,NULL,0.266227096,0.109167665,NULL,0.92695051,1.057361159,NULL,0.169112469,0.100255491
10-Dec,NULL,0.12588177,0.088639718,NULL,0.047288542,0.005184809,NULL,-0.013180395,-0.067483397,NULL,0.279355414,0.109375074,NULL,0.91917808,1.058589601,NULL,0.165641864,0.100255491
11-Dec,NULL,0.123358354,0.088639718,NULL,0.049077979,0.005184809,NULL,-0.00863431,-0.067483397,NULL,0.287719959,0.096929844,NULL,0.965700775,1.000666243,NULL,0.163398375,0.100255491
12-Dec,NULL,0.122168302,0.090532214,NULL,0.05095818,0.005665627,NULL,0.019540877,-0.063548066,NULL,0.280718021,0.097782592,NULL,0.954531482,1.0056704,NULL,0.158088179,0.105007916
13-Dec,NULL,0.118396629,0.078622232,NULL,0.054711596,0.003646987,NULL,0.014287395,-0.101347268,NULL,0.264548974,0.118099785,NULL,0.968687973,1.040423399,NULL,0.156128388,0.11901354
14-Dec,NULL,0.119362986,0.074969435,NULL,0.054524587,-0.006370359,NULL,0.033984867,-0.08505169,NULL,0.267297145,0.119517739,NULL,0.967837493,1.043529675,NULL,0.153605389,0.123276475
15-Dec,NULL,0.119362986,0.067916246,NULL,0.054524587,-0.012986435,NULL,0.033984867,-0.059854808,NULL,0.264285948,0.114361038,NULL,0.996698506,1.018096997,NULL,0.153605389,0.124801605
16-Dec,NULL,0.119362986,0.058463245,NULL,0.054524587,-0.00818724,NULL,0.033984867,-0.058877295,NULL,0.264747451,0.113158089,NULL,1.013295295,1.025498885,NULL,0.153605389,0.124824642
17-Dec,NULL,0.117725002,0.058463245,NULL,0.053309092,-0.00818724,NULL,0.022366701,-0.058877295,NULL,0.263433594,0.112917245,NULL,1.014341066,1.004773253,NULL,0.147484679,0.124824642
18-Dec,NULL,0.12111722,0.058463245,NULL,0.054338867,-0.00818724,NULL,0.016843412,-0.058877295,NULL,0.244645931,0.118977493,NULL,0.95687896,1.035206837,NULL,0.12163819,0.124824642
19-Dec,NULL,0.112167807,0.062511349,NULL,0.065280588,-0.009356897,NULL,0.01570411,-0.047716539,NULL,0.24213715,0.123942031,NULL,0.931383691,1.026924753,NULL,0.122001249,0.131576966
20-Dec,NULL,0.114423345,0.066579543,NULL,0.068795896,-0.012089392,NULL,0.002730114,-0.025917503,NULL,0.252964873,0.119414472,NULL,0.934101651,1.059612367,NULL,0.133763108,0.118905288
21-Dec,NULL,0.118606256,0.068096716,NULL,0.062711792,-0.010132283,NULL,0.005185671,-0.029293144,NULL,0.254290258,0.128575925,NULL,0.928667678,1.064581237,NULL,0.135319763,0.127598227
22-Dec,NULL,0.118606256,0.068668186,NULL,0.062711792,-0.016285201,NULL,0.005185671,-0.027938231,NULL,0.254356852,0.129528684,NULL,0.906864695,1.067516101,NULL,0.135319763,0.127106765
23-Dec,NULL,0.118606256,0.08190407,NULL,0.062711792,-0.017366182,NULL,0.005185671,-0.032673803,NULL,0.250168649,0.129621182,NULL,0.902462239,1.061644017,NULL,0.135319763,0.13136931
24-Dec,NULL,0.116705638,0.08190407,NULL,0.065865233,-0.017366182,NULL,0.007491089,-0.032673803,NULL,0.251232048,0.130164589,NULL,0.944599845,1.045104617,NULL,0.144411112,0.13136931
25-Dec,NULL,0.127559722,0.08190407,NULL,0.065957638,-0.017366182,NULL,0.016691771,-0.032673803,NULL,0.25151264,0.130424203,NULL,0.95091446,1.058983681,NULL,0.145075581,0.13136931
26-Dec,NULL,0.126641349,0.086010834,NULL,0.065957638,-0.017366182,NULL,0.016691771,-0.032673803,NULL,0.255478523,0.136391889,NULL,0.915630391,1.033928428,NULL,0.145075581,0.13136931
27-Dec,NULL,0.128424736,0.085779148,NULL,0.065125648,-0.018349935,NULL,0.009284411,-0.008747726,NULL,0.251319678,0.139970814,NULL,0.89860813,1.055622793,NULL,0.137376015,0.134330835
28-Dec,NULL,0.12597795,0.091964643,NULL,0.064477982,-0.025046146,NULL,0.019904357,-0.028928245,NULL,0.2521987,0.138830922,NULL,0.90921793,1.036862516,NULL,0.127642148,0.13575375
29-Dec,NULL,0.12597795,0.092850437,NULL,0.064477982,-0.021774666,NULL,0.019904357,-0.053454059,NULL,0.253281896,0.136681763,NULL,0.892050678,1.024465619,NULL,0.127642148,0.135208472
30-Dec,NULL,0.12597795,NULL,NULL,0.064477982,NULL,NULL,0.019904357,NULL,NULL,0.245682937,0.136267768,NULL,0.882566946,1.025831434,NULL,0.127642148,NULL
